"Table","Field","Description","Source","Brain","Colorectal","HeadNeck","Lung","Liver","Lymphoma","Myeloma","Pancreas","Prostate","Sarcoma","TableNote"
"Clinical Stages","Date","Date of staging","Abstract",NA,"1","1","1","1","1","1","1","1","1",NA
"Clinical Stages","Diagnosis","Primary cancer type","Abstract",NA,"1","1","1","1","1","1","1","1","1",NA
"Clinical Stages","Staging System","Type of Staging system used (ie AJCC_02)","Abstract",NA,"1","1","1","1","1","1","1","1","1",NA
"Clinical Stages","T Stage","TX, T0, Tis, T1-4","Abstract",NA,"1","1","1",NA,NA,NA,"1","1",NA,NA
"Clinical Stages","N Stage","NX, N0, N1","Abstract",NA,"1","1","1",NA,NA,NA,"1","1","1",NA
"Clinical Stages","M Stage","MX, M0, M1","Abstract",NA,"1","1","1",NA,NA,NA,"1","1","1",NA
"Clinical Stages","S Stage","Stage at diagnosis (Stage I, II, III, or IV; Stages A1-4, B, C, D)","Abstract",NA,"1",NA,"1","1","1",NA,NA,NA,NA,NA
"Clinical Stages","Stage","I, II, III, IVa, IVb","Abstract",NA,NA,NA,NA,NA,NA,"1",NA,NA,NA,NA
"Clinical Stages","Evidence of Transformation/Transformed lymphoma at diagnosis?","Is there indication in path or MD note that transformed lymphoma is seen or suspected? Yes/No/Unknown","Abstract",NA,NA,NA,NA,NA,"1",NA,NA,NA,NA,NA
"Clinical Stages","Physician","Provider stating clinical stage","Abstract",NA,"1","1","1","1","1",NA,"1","1",NA,NA
"Encounters","Date","Date of appointment","Abstract","1","1","1","1","1","1","1","1","1","1",NA
"Encounters","Type","Initial New Visit to institution and/or Internal Referral (""NV""), 1st appt on/after POD ""FR"", Chemo related visits ""MDTX""","Abstract","1","1","1","1","1","1","1","1","1","1",NA
"Encounters","Physician","First and last name of Provider whom pt saw","Abstract","1","1","1","1","1","1","1","1","1","1",NA
"Encounters","KPS","% rating to classify pt's functional impairment","Abstract","1","1","1",NA,"1",NA,NA,"1","1",NA,NA
"Encounters","ECOG Score","# to rate the functional status of cancer patients (0-4)","Abstract",NA,"1","1","1","1","1","1","1","1","1",NA
"Encounters","Pain Score","Documented pain score at time of clinic visit, scored 0-10","Abstract",NA,NA,NA,NA,NA,NA,NA,NA,"1",NA,NA
"Encounters","Fatigue Score","Documented fatigue score at time of clinic visit, scored 0-10","Abstract",NA,NA,NA,NA,NA,NA,NA,NA,"1",NA,NA
"Encounters","IPI","International Prognostic Index, a score reported in clinic notes","Abstract",NA,NA,NA,NA,NA,"1",NA,NA,NA,NA,NA
"Encounters","Child-Pugh Score","Quantitative assessment of patient’s liver function (drop downs: Class A, B, C)","Abstract",NA,NA,NA,NA,"1",NA,NA,NA,NA,NA,NA
"Encounters","MELD Score","Quantitative assessment of patient’s liver function (free text box for numeric value)","Abstract",NA,NA,NA,NA,"1",NA,NA,NA,NA,NA,NA
"Encounters","Height","Height","Abstract","1","1","1","1","1","1",NA,"1","1",NA,NA
"Encounters","Weight","Weight","Abstract","1","1","1","1","1","1",NA,"1","1",NA,NA
"Encounters","Systolic BP","Systolic Blood Pressure during clinic encounter (1st # in BP result 120/60, thus 120)","Abstract","1","1","1","1",NA,NA,NA,"1","1",NA,NA
"Encounters","Diastolic BP","Diastolic Blood Pressure during clinic encounter (2nd # in BP result 120/60, thus 60)","Abstract","1","1","1","1",NA,NA,NA,"1","1",NA,NA
"Encounters","Pulse","Pulse during clinic encounter","Abstract",NA,NA,NA,NA,NA,NA,NA,NA,"1",NA,NA
"Encounters","Temp","Temperature during clinic encounter","Abstract",NA,NA,NA,NA,NA,NA,NA,NA,"1",NA,NA
"Encounters","Resp","Respiratory rate during clinic encounter","Abstract",NA,NA,NA,NA,NA,NA,NA,NA,"1",NA,NA
"Encounters","Institution","location of exam - either outside of UW system or UW (incl. SCCA)","Abstract",NA,NA,NA,NA,NA,NA,NA,NA,"1",NA,NA
"Encounters","BSA","BSA","Autocalculated","1","1","1","1","1",NA,NA,"1","1",NA,NA
"Encounters","BMI","BMI","Autocalculated","1","1","1","1","1",NA,NA,"1","1",NA,NA
"Encounters","System","Location in body of symptom","Abstract",NA,NA,"1",NA,NA,NA,NA,NA,NA,NA,"Review of Symptoms"
"Encounters","Symptom","Symptom patient reports (Aspiration, Weight Loss, Diet Normalcy, Difficulty Swallowing, Liquids by Mouth, Speech Performance)","Abstract",NA,NA,"1",NA,NA,NA,NA,NA,NA,NA,"Review of Symptoms"
"Encounters","Result","Additional findings reported","Abstract",NA,NA,"1",NA,NA,NA,NA,NA,NA,NA,"Review of Symptoms"
"Encounters","Result","Findings by physician preforming DRE/Rectal exam (Normal; Abnormal,  Malignant; Abnormal, Nonmalignant; Suspicious; Asymmetric; Induration; Nodule; Unknown)","Abstract",NA,NA,NA,NA,NA,NA,NA,NA,"1",NA,"Rectal Exam"
"Encounters","Width","Width, if available","Abstract",NA,NA,NA,NA,NA,NA,NA,NA,"1",NA,"Rectal Exam"
"Encounters","Length","Length, if available","Abstract",NA,NA,NA,NA,NA,NA,NA,NA,"1",NA,"Rectal Exam"
"Encounters","Pros Weight:","Collected when provided in the dictation for the DRE","Abstract",NA,NA,NA,NA,NA,NA,NA,NA,"1",NA,"Rectal Exam"
"Encounters","Side","location of findings (Right; Left;Midline; DVC; Unknown)","Abstract",NA,NA,NA,NA,NA,NA,NA,NA,"1",NA,"Rectal Exam"
"Encounters","Laterality","Anterior; Lateral; Medial; Posterior; Unknown","Abstract",NA,NA,NA,NA,NA,NA,NA,NA,"1",NA,"Rectal Exam"
"Encounters","Level","Apex; Mid; Base;SV; BN; Apical; MVB"" Imlmpwm","Abstract",NA,NA,NA,NA,NA,NA,NA,NA,"1",NA,"Rectal Exam"
"Encounters","Extension","Additional findings (Definitely not; Probably not; Possibly; Probably; Definitely; Unknown)","Abstract",NA,NA,NA,NA,NA,NA,NA,NA,"1",NA,"Rectal Exam"
"Status","Date","Date of Status event","Abstract","1","1","1","1","1","1","1","1","1","1",NA
"Status","Disease","Primary cancer type","Abstract","1","1","1","1","1","1","1","1","1","1",NA
"Status","Status","Diagnosis Date, Alive, Metastatic Disease, Progression, Recurrence, Locoregional, etc etc","Abstract","1","1","1","1","1","1","1","1","1","1",NA
"Status","Status Location","Specify location of metastatic disease (ie liver, lung)","Abstract","1","1","1","1","1","1","1","1","1","1",NA
"Status","Metastatic Status","If status is metastatic (prostate only!)","Abstract",NA,NA,NA,NA,NA,NA,NA,NA,"1",NA,NA
"Status","Hormone Status","Hormone status of disease (prostate only!)","Abstract",NA,NA,NA,NA,NA,NA,NA,NA,"1",NA,NA
"Status","Physician","Name of the physician who reported the status.","Abstract",NA,NA,NA,NA,NA,NA,NA,NA,"1",NA,NA
"Status","Notes","Additional info, if needed","Abstract",NA,NA,NA,NA,NA,NA,NA,NA,"1",NA,NA
"Status","Surgery Date","Date of surgery/operation","Abstract","1","1","1","1","1","1",NA,"1","1","1","Operating Room Details"
"Status","Institution","Where surgery took place","Abstract","1","1","1","1",NA,"1",NA,"1","1","1","Operating Room Details"
"Status","Service","What department did the surgeon work for","Abstract","1","1","1","1",NA,NA,NA,"1","1","1","Operating Room Details"
"Status","Case Surgeon","Name of Attending surgeon","Abstract","1","1","1","1","1",NA,NA,"1","1","1","Operating Room Details"
"Status","Site Epicenter","Primary site/epicenter of disease","Abstract",NA,NA,"1",NA,NA,NA,NA,NA,NA,NA,"Operating Room Details"
"Status","During Operation On","Date of surgery/operation","Abstract","1","1","1","1","1","1",NA,"1","1","1","Procedure"
"Status","Date","Date of surgery/operation","Abstract","1","1","1","1","1","1","1","1","1","1","Procedure"
"Status","Procedure","Type of surgery (Pancreaticoduodenectomy {Whipple}, Distal Pancreatectomy, Total Pancreatectomy)","Abstract","1","1","1","1","1","1","1","1","1","1","Procedure"
"Status","Site","Specific organ and qualifying region where the tumor was located","Abstract","1","1","1","1","1","1",NA,"1","1","1","Procedure"
"Status","Side","Specific side per path report","Abstract","1","1","1","1","1",NA,NA,NA,"1","1","Procedure"
"Status","Institution","Where surgery took place","Abstract","1","1","1","1",NA,"1",NA,"1","1","1","Procedure"
"Status","Service","What department did the surgeon work for","Abstract","1","1","1","1",NA,NA,NA,NA,NA,"1","Procedure"
"Status","Type/Approach","Open, Laparoscopic or Robotic","Abstract",NA,"1","1",NA,"1",NA,NA,"1",NA,"1","Procedure"
"Status","Segments","Total # segments involved (drop downs 1-8, 4 is split into 4A and 4B)","Abstract",NA,NA,NA,NA,"1",NA,NA,NA,NA,NA,"Procedure"
"Status","Ablation Method","Method of ablation (drop downs: Radiofrequency, Microwave, IRE (allow free text))","Abstract",NA,NA,NA,NA,"1",NA,NA,NA,NA,NA,"Procedure"
"Status","Preoperative Biliary Stenting","Was there preop biliary stenting done? (Y/N/Unknown)","Abstract",NA,NA,NA,NA,NA,NA,NA,NA,NA,NA,"Procedure"
"Status","*If Yes: Biliary Stenting Type","If Yes to Preop biliary stenting: Endoscopic (plastic), Endoscopic (metal), Percutaneous PTC (external), Percutaneous PTC (internal-external)","Abstract",NA,NA,NA,NA,NA,NA,NA,NA,NA,NA,"Procedure"
"Status","Venous Resection/Reconstruction","Was there venous resection/reconstruction done? (Y/N/Unknown)","Abstract",NA,NA,NA,NA,NA,NA,NA,NA,NA,NA,"Procedure"
"Status","*If Yes: Type of Reconstruction","If Yes to venous resection/reconstruction: (Primary repair, Graft repair (saphenous, jugular, synthetic}","Abstract",NA,NA,NA,NA,NA,NA,NA,NA,NA,NA,"Procedure"
"Status","Left NVB Status","Was it preserved or resected?","Abstract",NA,NA,NA,NA,NA,NA,NA,NA,"1",NA,"Prostatectomy"
"Status","Left NVB Graft","Grafted?","Abstract",NA,NA,NA,NA,NA,NA,NA,NA,"1",NA,"Prostatectomy"
"Status","Left NVB Donor","Donor?","Abstract",NA,NA,NA,NA,NA,NA,NA,NA,"1",NA,"Prostatectomy"
"Status","Right NVB Status","Was it preserved or resected?","Abstract",NA,NA,NA,NA,NA,NA,NA,NA,"1",NA,"Prostatectomy"
"Status","Right NVB Graft","Grafted?","Abstract",NA,NA,NA,NA,NA,NA,NA,NA,"1",NA,"Prostatectomy"
"Status","Right NVB Donor","Donor?","Abstract",NA,NA,NA,NA,NA,NA,NA,NA,"1",NA,"Prostatectomy"
"Status","Side","What side: Contralateral, Ipsilateral","Abstract",NA,NA,"1",NA,NA,NA,NA,NA,NA,NA,"Neck Dissection"
"Status","Level","What level listed: Level 1-6","Abstract",NA,NA,"1",NA,NA,NA,NA,NA,NA,NA,"Neck Dissection"
"Status","Neck Dissection Performed","Was neck dissection performed?","Abstract",NA,NA,"1",NA,NA,NA,NA,NA,NA,NA,"Head & Neck Procedures"
"Status","Neck Dissection Type","Type of neck dissection (Modified radical, Radical, Selective)","Abstract",NA,NA,"1",NA,NA,NA,NA,NA,NA,NA,"Head & Neck Procedures"
"Status","Structures Removed","Which structures were removed (STCM; IJ vein; Accessory nerve [CN XI])","Abstract",NA,NA,"1",NA,NA,NA,NA,NA,NA,NA,"Head & Neck Procedures"
"Status","Limb Status","Limb salvage or amputation? (drop down)","Abstract",NA,NA,NA,NA,NA,NA,NA,NA,NA,"1","Sarcoma"
"Status","Type of Reconstruction","What type of reconstruction was used? (drop downs= none, skin graft, rotation flap, free flap, allograft bone graft, prosthetic reconstruction) ***New Sarcoma Procedure Subform","Abstract",NA,NA,NA,NA,NA,NA,NA,NA,NA,"1","Sarcoma"
"Status","Intent","Intent of operation","Abstract",NA,"1",NA,NA,NA,NA,NA,NA,NA,NA,"Colorectal"
"Status","Complication","Complication","Abstract",NA,"1",NA,NA,NA,NA,NA,NA,NA,NA,"Colorectal"
"Status","Tumor Obstruction","Tumor obstruction","Abstract",NA,"1",NA,NA,NA,NA,NA,NA,NA,NA,"Colorectal"
"Status","Perforation","Perforation (clinical)","Abstract",NA,"1",NA,NA,NA,NA,NA,NA,NA,NA,"Colorectal"
"Status","Disease Extent","Surgeon's assessment of disease extent based on pre-operative colonoscopy / biopsy","Abstract",NA,"1",NA,NA,NA,NA,NA,NA,NA,NA,"Colorectal"
"Status","Path Type","Surgeon's assessment of pathology based on pre-operative colonoscopy / biopsy 
","Abstract",NA,"1",NA,NA,NA,NA,NA,NA,NA,NA,"Colorectal"
"Status","Tumor Anal Verge","For rectal cases, distance from tumor to lower edge of anal verge in cm","Abstract",NA,"1",NA,NA,NA,NA,NA,NA,NA,NA,"Colorectal"
"Status","Synchronous Resection","Synchronous resection 
","Abstract",NA,"1",NA,NA,NA,NA,NA,NA,NA,NA,"Colorectal"
"Status","Synchronous Resection Liver","Synchronous resection of liver 
","Abstract",NA,"1",NA,NA,NA,NA,NA,NA,NA,NA,"Colorectal"
"Status","Synchronous Resection Lung","Synchronous resection of lung 
","Abstract",NA,"1",NA,NA,NA,NA,NA,NA,NA,NA,"Colorectal"
"Status","Synchronous Resection Retroperitoneal Nodal","Synchronous resection of retroperitoneum 
","Abstract",NA,"1",NA,NA,NA,NA,NA,NA,NA,NA,"Colorectal"
"Status","Synchronous Resection Ovary","Synchronous resection of ovary 
","Abstract",NA,"1",NA,NA,NA,NA,NA,NA,NA,NA,"Colorectal"
"Status","Synchronous Resection Peritoneal","Synchronous resection of peritoneum 
","Abstract",NA,"1",NA,NA,NA,NA,NA,NA,NA,NA,"Colorectal"
"Status","Synchronous Resection Other","Synchronous resection of other site 
","Abstract",NA,"1",NA,NA,NA,NA,NA,NA,NA,NA,"Colorectal"
"Status","LA Mesorectal Excision Extent","Extent of mesorectal excision","Abstract",NA,"1",NA,NA,NA,NA,NA,NA,NA,NA,"Colorectal"
"Status","Tumor Location","Location of tumor (distance from Anus)
","Abstract",NA,"1",NA,NA,NA,NA,NA,NA,NA,NA,"Colorectal"
"Status","From Operation On","Date of surgery/operation","Abstract","1","1","1","1","1","1",NA,"1","1","1","Pathology"
"Status","Source Procedure","From which surgery was this pathology specimen taken","Abstract","1","1","1","1","1","1","1","1","1","1","Pathology"
"Status","Path Report Date","Date path report signed out","Feed","1","1","1","1","1","1","1","1","1","1","Pathology"
"Status","Path #","Specific # and letters given to specimen","Feed","1","1","1","1","1","1","1","1","1","1","Pathology"
"Status","Specimen Type","Description of specimen (ie pancreatic mass)","Abstract","1","1","1","1","1","1","1","1","1","1","Pathology"
"Status","Site","Specific site per path report","Abstract","1","1","1","1","1",NA,"1","1","1","1","Pathology"
"Status","Side","Specific side per path report","Abstract","1","1","1","1",NA,NA,"1",NA,NA,"1","Pathology"
"Status","Result","Type of sarcoma diagnosed: Soft tissue sarcoma vs Bone sarcoma vs Benign tumor vs Other","Abstract",NA,NA,NA,NA,NA,NA,NA,NA,NA,"1","Pathology"
"Status","Histology","Histology of the cancer per path report","Abstract","1","1","1","1","1","1","1","1","1","1","Pathology"
"Status","Secondary Histology","More description of path, if needed","Abstract","1","1","1","1","1","1",NA,"1",NA,"1","Pathology"
"Status","Institution","Where pathology was reviewed","Feed","1","1","1","1","1","1","1","1","1","1","Pathology"
"Status","Pathologist","Name of Pathologist reviewing specimen","Feed","1","1","1","1","1","1","1","1","1","1","Pathology"
"Status","Notes","Additional text if needed","Feed/Abstract","1","1","1","1","1","1","1","1","1","1","Pathology"
"Status","Disease","Pancreas Cancer","Abstract","1","1","1","1","1",NA,NA,"1","1","1","Pathology Stages"
"Status","Staging System","Type of Staging system used (AJCC_02)","Abstract",NA,"1","1","1","1",NA,NA,"1","1","1","Pathology Stages"
"Status","Site","Site of disease","Abstract",NA,"1",NA,"1","1",NA,NA,"1","1",NA,"Pathology Stages"
"Status","T","Tumor stage (yTX, T0, Tis, T1-4)","Abstract",NA,"1","1","1","1",NA,NA,"1","1",NA,"Pathology Stages"
"Status","N","Lymph node stage (NX, N0, N1)","Abstract",NA,"1","1","1","1",NA,NA,"1","1","1","Pathology Stages"
"Status","M","Mets stage (N/A, MX, M0, M1)","Abstract",NA,"1","1","1","1",NA,NA,"1","1","1","Pathology Stages"
"Status","Grade","Grade of tumor (GX cannot be assessed, GX not graded, G1-G4)","Abstract","1","1","1",NA,"1",NA,NA,"1",NA,NA,"Pathology Stages"
"Status","Finding","Free text to specify pathological findings","Abstract",NA,"1","1","1","1",NA,NA,NA,NA,NA,"Pathology Findings"
"Status","Side","Side of body involved","Abstract",NA,"1","1","1","1",NA,NA,NA,NA,NA,"Pathology Findings"
"Status","Site","Site of body involved","Abstract",NA,"1",NA,"1","1",NA,NA,"1",NA,NA,"Pathology Findings"
"Status","Histology","Histotology of the cancer based on Snomed codes","Abstract",NA,"1","1","1","1",NA,NA,"1",NA,"1","Pathology Findings"
"Status","Grade","Grade of tumor (GX cannot be assessed, GX not graded, G1-G4)","Abstract",NA,"1","1",NA,"1",NA,NA,"1",NA,"1","Pathology Findings"
"Status","Height","Height of tumor","Abstract",NA,NA,"1",NA,NA,NA,NA,NA,NA,NA,"Pathology Findings"
"Status","Width","Width of tumor","Abstract",NA,NA,"1",NA,NA,NA,NA,NA,NA,NA,"Pathology Findings"
"Status","Length","Length of tumor","Abstract",NA,NA,"1",NA,NA,NA,NA,NA,NA,NA,"Pathology Findings"
"Status","Date","Sign out date","Abstract","1","1","1","1","1","1",NA,"1","1","1","Pathology Tests"
"Status","Test","Type of test (MSI; IHC for MLH1, MSH2, MSH6, PMS2; mutation analysis for BRAF, KRAS; NRAS mutation; Oncoplex mutation panel)","Abstract","1","1","1","1","1","1",NA,"1","1","1","Pathology Tests"
"Status","Method","Method by which tests were run (IHC, FISH, Oncoplex, PCR, Mutational Analysis, RT-PCR, etc)","Abstract","1","1","1","1","1","1",NA,"1","1","1","Pathology Tests"
"Status","Result","Result as written in path report (Positive, Negative, Amplified, Not Amplified, etc)","Abstract","1","1","1","1","1","1",NA,"1","1","1","Pathology Tests"
"Status","Karyotype","Unique karyotype results (eventually coming via feed)","Abstract",NA,"1",NA,NA,NA,NA,NA,NA,NA,NA,"Pathology Tests"
"Status","Notes","Mutational info, followed by a comma and further description if needed","Abstract","1","1","1","1","1","1",NA,"1","1","1","Pathology Tests"
"Status","Side","Side of lymph node","Abstract",NA,"1","1","1","1",NA,NA,"1","1",NA,"Node Findings"
"Status","Site","Site of lymph node","Abstract",NA,"1","1","1","1",NA,NA,"1","1",NA,"Node Findings"
"Status","Max Dim","Maximum dimension of lymph node","Abstract",NA,"1","1","1","1",NA,NA,"1","1",NA,"Node Findings"
"Status","Extension","Extra-capsular extension of nodal tumor: Absent, present, indeterminate (Y/N/Unknown)","Abstract",NA,"1","1","1","1",NA,NA,"1","1",NA,"Node Findings"
"Status","# Positive Notes","# positive lymph nodes","Abstract",NA,"1","1","1","1",NA,NA,"1","1",NA,"Node Findings"
"Status","Total # Nodes","Total # nodes listed","Abstract",NA,"1","1","1","1",NA,NA,"1","1",NA,"Node Findings"
"Status","ICD9_Code","International Classification of Diseases (ICD) code, 9th revision","Abstract",NA,"1",NA,NA,NA,NA,NA,NA,NA,NA,"Colorectal"
"Status","ICD0_Code","International Classification of Diseases (ICD) code, 10th revision","Abstract",NA,"1",NA,NA,NA,NA,NA,NA,NA,NA,"Colorectal"
"Status","Disease Extent","Extent of disease (Primary, Locally Recurrent / Persistent, Metastatic, None)","Abstract",NA,"1",NA,NA,NA,NA,NA,NA,NA,NA,"Colorectal"
"Status","Tumor Max Dim","Maximum dimension of tumor in cm","Abstract",NA,"1",NA,NA,NA,NA,NA,NA,NA,NA,"Colorectal Findings"
"Status","Configuration","Configuration of tumor (Sessile, Pedunculated, Polypoid, Fungating, Plaque-like, Annular (constrictive), Ulcerating infiltrative, Diffuse (linitis plastica-type), Cannot be determined, Unknown)","Abstract",NA,"1",NA,NA,NA,NA,NA,NA,NA,NA,"Colorectal Findings"
"Status","Grade","Tumor Grade (Well Differentiated, Moderately Differentiated, Poorly Differentiated, Undifferentiated)","Abstract",NA,"1",NA,NA,NA,NA,NA,NA,NA,NA,"Colorectal Findings"
"Status","Vascular Inv","Vascular Invasion? (Present, Absent, Suspicious, Not Identified)","Abstract",NA,"1",NA,NA,NA,NA,NA,NA,NA,NA,"Colorectal Findings"
"Status","Lymphatic Invasion","Lymphatic Invasion? (Present, Absent, Suspicious, Not Identified)","Abstract",NA,"1",NA,NA,NA,NA,NA,NA,NA,NA,"Colorectal Findings"
"Status","Perineural Invasion","Perineural Invasion? (Present, Absent, Suspicious, Not Identified)","Abstract",NA,"1",NA,NA,NA,NA,NA,NA,NA,NA,"Colorectal Findings"
"Status","Distal Margin","Negative, Close, Not Available, Negative TissueRemoved (negative additional tissue removed), Unknown","Abstract",NA,"1",NA,NA,NA,NA,NA,NA,NA,NA,"Colorectal Findings"
"Status","Lateral Margin","Negative, Close, Not Available, Negative TissueRemoved (negative additional tissue removed), Unknown","Abstract",NA,"1",NA,NA,NA,NA,NA,NA,NA,NA,"Colorectal Findings"
"Status","Proximal Margin","Negative, Close, Not Available, Negative TissueRemoved (negative additional tissue removed), Unknown","Abstract",NA,"1",NA,NA,NA,NA,NA,NA,NA,NA,"Colorectal Findings"
"Status","Polyp Pre-Existing","Any pre-existing polyps? (Yes, No, Unknown)","Abstract",NA,"1",NA,NA,NA,NA,NA,NA,NA,NA,"Colorectal Findings"
"Status","Polyps Away from Cancer","Any polyps away from cancer site? (Yes, No, Unknown)","Abstract",NA,"1",NA,NA,NA,NA,NA,NA,NA,NA,"Colorectal Findings"
"Status","# of Polyps Pre-Existing","How many polyps were pre-exisiting?","Abstract",NA,"1",NA,NA,NA,NA,NA,NA,NA,NA,"Colorectal Findings"
"Status","Polp Type Pre-Existing","Type of pre-existing polys (Inflammatory, Hyperplastic, Tubular adenoma : adenomatous polyp, Villous adenoma : tubulovillous adenoma, Pedunculated, Sessile, Unknown)","Abstract",NA,"1",NA,NA,NA,NA,NA,NA,NA,NA,"Colorectal Findings"
"Status","# of Polyps Away from Cancer","How many polyps are away from the cancer site?","Abstract",NA,"1",NA,NA,NA,NA,NA,NA,NA,NA,"Colorectal Findings"
"Status","Polyp Type Away from Cancer","Type of polyp away from cancer (Inflammatory, Hyperplastic, Tubular adenoma : adenomatous polyp, Villous adenoma : tubulovillous adenoma, Pedunculated, Sessile, Unknown)","Abstract",NA,"1",NA,NA,NA,NA,NA,NA,NA,NA,"Colorectal Findings"
"Status","Non-Neoplastic Bowel","Presence of non-neoplastic bowel? (Unremarkable, Inflammatory bowel disease, Ulcerative colitis with High Grade Dysplasia, Ulcerative colitis with Low Grade Dysplasia, Ulcerative colitis without, Dysplasia, Crohn’s disease with High Grade Dysplasia, Crohn’s disease with Low Grade Dysplasia, Crohn’s disease without Dysplasia, Diverticula, Non-specific colitis)","Abstract",NA,"1",NA,NA,NA,NA,NA,NA,NA,NA,"Colorectal Findings"
"Status","Tumor-infiltrating Lymphocytes","# of tumor-infiltrating lymphocytes (TILs) reported in the EMR path report","Abstract",NA,"1",NA,NA,NA,NA,NA,NA,NA,NA,"Colorectal Findings"
"Status","# Positive Cores","Number of cores positive for cancer","Abstract",NA,NA,NA,NA,NA,NA,NA,NA,"1",NA,"Prostate Biopsies"
"Status","Total # Cores","Total number of cores in the biopsy","Abstract",NA,NA,NA,NA,NA,NA,NA,NA,"1",NA,"Prostate Biopsies"
"Status","# Positive Sites","Number of sites positive for cancer in prostate biopsy.","Abstract",NA,NA,NA,NA,NA,NA,NA,NA,"1",NA,"Prostate Biopsies"
"Status","Total # Sites","Total number of sites in the biopsy","Abstract",NA,NA,NA,NA,NA,NA,NA,NA,"1",NA,"Prostate Biopsies"
"Status","Primary Gleason","Primary Gleason grade for the cancer in the biopsy.","Abstract",NA,NA,NA,NA,NA,NA,NA,NA,"1",NA,"Prostate Biopsies"
"Status","Secondary Gleason","Secondary Gleason grade for the cancer in the biopsy.","Abstract",NA,NA,NA,NA,NA,NA,NA,NA,"1",NA,"Prostate Biopsies"
"Status","Gleason Sum","The sum of the Gleason grades for the biopsy.  If grades 1 and 2 are entered, Caisis will calculate this.","Abstract",NA,NA,NA,NA,NA,NA,NA,NA,"1",NA,"Prostate Biopsies"
"Status","Tertiary Gleason Score","Enter if in the path report - not all biopsies will have a tertiary gleason score","Abstract",NA,NA,NA,NA,NA,NA,NA,NA,"1",NA,"Prostate Biopsies"
"Status","Total Cancer Length","The total length in millimeters of cancer in the cores","Abstract",NA,NA,NA,NA,NA,NA,NA,NA,"1",NA,"Prostate Biopsies"
"Status","Total Core Length","Total length of the cores","Abstract",NA,NA,NA,NA,NA,NA,NA,NA,"1",NA,"Prostate Biopsies"
"Status","PIN","Absence, presence or grade of prostate intraepithelial neoplasia in biopsy","Abstract",NA,NA,NA,NA,NA,NA,NA,NA,"1",NA,"Prostate Biopsies"
"Status","Perineural Invasion","Presence or absence of perineural invasion in the biopsy.","Abstract",NA,NA,NA,NA,NA,NA,NA,NA,"1",NA,"Prostate Biopsies"
"Status","ECE","Presence or absence of extra-capsular extension, extra-prostatic extension, prostate capsule invasion found in prostate biopsy.","Abstract",NA,NA,NA,NA,NA,NA,NA,NA,"1",NA,"Prostate Biopsies"
"Status","TURP Grams Resected","Grams of tissue resected by TURP (only on TURP Procedures)","Abstract",NA,NA,NA,NA,NA,NA,NA,NA,"1",NA,"Prostate Biopsies"
"Status","TURP % Tissue Examined","What % of tissue examined","Abstract",NA,NA,NA,NA,NA,NA,NA,NA,"1",NA,"Prostate Biopsies"
"Status","TURP # Positive Chips","Number of positive chips from TURP","Abstract",NA,NA,NA,NA,NA,NA,NA,NA,"1",NA,"Prostate Biopsies"
"Status","TURP Total # Chips","Total number of chips examined from TURP.","Abstract",NA,NA,NA,NA,NA,NA,NA,NA,"1",NA,"Prostate Biopsies"
"Status","TURP # Foci Cancer","Number of foci of cancer present in TURP chips.","Abstract",NA,NA,NA,NA,NA,NA,NA,NA,"1",NA,"Prostate Biopsies"
"Status","Tertiary Gleason Remarks","Only if something is reported about the Tertiary score","Abstract",NA,NA,NA,NA,NA,NA,NA,NA,"1",NA,"Prostate Biopsies"
"Status","Side","Side from which the biopsy was taken.","Abstract",NA,NA,NA,NA,NA,NA,NA,NA,"1",NA,"Prostate Biopsy Cores"
"Status","Level","Level from which the biopsy was taken.","Abstract",NA,NA,NA,NA,NA,NA,NA,NA,"1",NA,"Prostate Biopsy Cores"
"Status","Laterality","Laterality from which biopsy was taken.","Abstract",NA,NA,NA,NA,NA,NA,NA,NA,"1",NA,"Prostate Biopsy Cores"
"Status","Zone","Used with Transitional Zone specimens mostly","Abstract",NA,NA,NA,NA,NA,NA,NA,NA,"1",NA,"Prostate Biopsy Cores"
"Status","Core Length","Length of the core in millimeter.","Abstract",NA,NA,NA,NA,NA,NA,NA,NA,"1",NA,"Prostate Biopsy Cores"
"Status","Cancer Length","Length of cancer in core.","Abstract",NA,NA,NA,NA,NA,NA,NA,NA,"1",NA,"Prostate Biopsy Cores"
"Status","GG1","Primary Gleason grade for the cancer in this core.","Abstract",NA,NA,NA,NA,NA,NA,NA,NA,"1",NA,"Prostate Biopsy Cores"
"Status","GG2","Secondary Gleason grade for the cancer in this core.","Abstract",NA,NA,NA,NA,NA,NA,NA,NA,"1",NA,"Prostate Biopsy Cores"
"Status","GGS:","Sum of the Gleason grades for cancer in core.  If grades 1 and 2 are entered, Caisis will calculate this.","Abstract",NA,NA,NA,NA,NA,NA,NA,NA,"1",NA,"Prostate Biopsy Cores"
"Status","Result","The result of the core.  If the core is ositive, this auto-fills based on the Gleason score.","Abstract",NA,NA,NA,NA,NA,NA,NA,NA,"1",NA,"Prostate Biopsy Cores"
"Status","ECE:","Presence or absence of extra-capsular extension, extra-prostatic extension, prostate capsule invasion found in prostate biopsy.","Abstract",NA,NA,NA,NA,NA,NA,NA,NA,"1",NA,"Prostate Biopsy Cores"
"Status","PNI","Presence or absence of perineural invasion in the core.","Abstract",NA,NA,NA,NA,NA,NA,NA,NA,"1",NA,"Prostate Biopsy Cores"
"Status","HG PIN","Absence, presence or grade of prostate intraepithelial neoplasia in this core.","Abstract",NA,NA,NA,NA,NA,NA,NA,NA,"1",NA,"Prostate Biopsy Cores"
"Status","Prostate Specimen Weight in grams","Weight of tumor","Abstract",NA,NA,NA,NA,NA,NA,NA,NA,"1",NA,"Prostatectomy"
"Status","Primary Gleason","Primary Gleason grade for the cancer in the biopsy.","Abstract",NA,NA,NA,NA,NA,NA,NA,NA,"1",NA,"Prostatectomy"
"Status","Secondary Gleason","Secondary Gleason grade for the cancer in the biopsy.","Abstract",NA,NA,NA,NA,NA,NA,NA,NA,"1",NA,"Prostatectomy"
"Status","Gleason Sum","The sum of the Gleason grades for the biopsy.  If grades 1 and 2 are entered, Caisis will calculate this.","Abstract",NA,NA,NA,NA,NA,NA,NA,NA,"1",NA,"Prostatectomy"
"Status","Tertiary Gleason","Enter if in the path report - not all biopsies will have a tertiary gleason score","Abstract",NA,NA,NA,NA,NA,NA,NA,NA,"1",NA,"Prostatectomy"
"Status","Additional Gleason Remarks","Additional comments, if relevant","Abstract",NA,NA,NA,NA,NA,NA,NA,NA,"1",NA,"Prostatectomy"
"Status","Tumor Volume","Volume of tumor","Abstract",NA,NA,NA,NA,NA,NA,NA,NA,"1",NA,"Prostatectomy"
"Status","Extra Prostatic Extension","Extra prostatic extension reported?","Abstract",NA,NA,NA,NA,NA,NA,NA,NA,"1",NA,"Prostatectomy"
"Status","Seminal Vesicle Invasion","Invasion into seminal vesicle(s)?","Abstract",NA,NA,NA,NA,NA,NA,NA,NA,"1",NA,"Prostatectomy"
"Status","Perineural Invasion","Perineural invasion?","Abstract",NA,NA,NA,NA,NA,NA,NA,NA,"1",NA,"Prostatectomy"
"Status","Bladder Neck Inv","Bladder neck invasion?","Abstract",NA,NA,NA,NA,NA,NA,NA,NA,"1",NA,"Prostatectomy"
"Status","Margin Status","Status of margins reported","Abstract",NA,NA,NA,NA,NA,NA,NA,NA,"1",NA,"Prostatectomy"
"Status","Prostatic Intraepithelial Neoplasia (PIN)","PIN?","Abstract",NA,NA,NA,NA,NA,NA,NA,NA,"1",NA,"Prostatectomy"
"Status","Vascular Inv","Vascular invasion?","Abstract",NA,NA,NA,NA,NA,NA,NA,NA,"1",NA,"Prostatectomy"
"Status","Multifocal","Is the tumor multifocal?","Abstract",NA,NA,NA,NA,NA,NA,NA,NA,"1",NA,"Prostatectomy"
"Status","Cancer Type","What is the histology/cancer type?","Abstract",NA,NA,NA,NA,NA,NA,NA,NA,"1",NA,"Prostatectomy"
"Status","Tumor Inv","Final resection margin invasion: Invasive Carcinoma or Intra-Epithelia Neoplasia","Abstract",NA,NA,"1",NA,NA,NA,NA,NA,NA,NA,"Head & Neck Pathology"
"Status","Invasion Depth","Measurement of invasion depth","Abstract",NA,NA,"1",NA,NA,NA,NA,NA,NA,NA,"Head & Neck Pathology"
"Status","Morphology","Absent, Present, Indeterminate","Abstract",NA,NA,"1",NA,NA,NA,NA,NA,NA,NA,"Head & Neck Pathology"
"Status","Necrosis","Absent, Present, Indeterminate","Abstract",NA,NA,"1",NA,NA,NA,NA,NA,NA,NA,"Head & Neck Pathology"
"Status","Venous/Lymphatic Inv","Absent, Present, Indeterminate","Abstract",NA,NA,"1",NA,NA,NA,NA,NA,NA,NA,"Head & Neck Pathology"
"Status","Perineural Invasion","Absent, Present, Indeterminate","Abstract",NA,NA,"1",NA,NA,NA,NA,NA,NA,NA,"Head & Neck Pathology"
"Status","Invasion Pattern","Absent, Present, Indeterminate","Abstract",NA,NA,"1",NA,NA,NA,NA,NA,NA,NA,"Head & Neck Pathology"
"Status","Multi Centricity","Absent, Present, Indeterminate","Abstract",NA,NA,"1",NA,NA,NA,NA,NA,NA,NA,"Head & Neck Pathology"
"Status","Dysplasia","2 drop down result=s Low grade Moderate Grade (Intraepithelial neoplasia); Severe (Carcinoma in situ)","Abstract",NA,NA,"1",NA,NA,NA,NA,NA,NA,NA,"Head & Neck Pathology"
"Status","Margin","Tumor margin: Not Applicable, Cannot be assessed, Negative","Abstract",NA,NA,"1",NA,NA,NA,NA,NA,NA,NA,"Head & Neck Pathology"
"Status","Bone Inv","Absent, Present, Indeterminate","Abstract",NA,NA,"1",NA,NA,NA,NA,NA,NA,NA,"Head & Neck Pathology"
"Status","Bone Margin","Status of bone margins reported","Abstract",NA,NA,"1",NA,NA,NA,NA,NA,NA,NA,"Head & Neck Pathology"
"Status","Tumor Max Dim","Maximum tumor dimension","Abstract",NA,NA,"1",NA,NA,NA,NA,NA,NA,NA,"Head & Neck Pathology"
"Status","p16 Positive","Yes, No, Unknown","Abstract",NA,NA,"1",NA,NA,NA,NA,NA,NA,NA,"Head & Neck Pathology"
"Status","Additional Path Findings","None identified, Epithelial hyperplasia, Intra-epithelial neoplasia not at margins, Inflammation","Abstract",NA,NA,"1",NA,NA,NA,NA,NA,NA,NA,"Head & Neck Pathology"
"Status","Closest Margin Distance","Measurement to closest margin","Abstract",NA,NA,"1",NA,NA,NA,NA,NA,NA,NA,"Head & Neck Pathology"
"Status","Margin(s) Positive","# margins positive","Abstract",NA,NA,"1",NA,NA,NA,NA,NA,NA,NA,"Head & Neck Pathology"
"Status","Margin","Pathologist assessment of tumor at  margins (Positive, Negative, Negative >1cm)","Abstract",NA,NA,NA,NA,NA,NA,NA,NA,NA,"1","Sarcoma"
"Status","Margin Size (mm)","Size of margin (1-10mm)","Abstract",NA,NA,NA,NA,NA,NA,NA,NA,NA,"1","Sarcoma"
"Status","% Plasma cells","Number","Abstract",NA,NA,NA,NA,NA,NA,"1",NA,NA,NA,"Myeloma Path"
"Status","Plasma cells enumerated by CD138 stain","Yes, No","Abstract",NA,NA,NA,NA,NA,NA,"1",NA,NA,NA,"Myeloma Path"
"Status","Anaplastic or plasmablastic morphology","Yes, No","Abstract",NA,NA,NA,NA,NA,NA,"1",NA,NA,NA,"Myeloma Path"
"Status","Light chain restriction by immunohistochemistry","Kappa, Lambda, Polyclonal, Not specified","Abstract",NA,NA,NA,NA,NA,NA,"1",NA,NA,NA,"Myeloma Path"
"Status","Final diagnosis","Text","Abstract",NA,NA,NA,NA,NA,NA,"1",NA,NA,NA,"Myeloma Path"
"Status","Tissue type","Text","Abstract",NA,NA,NA,NA,NA,NA,"1",NA,NA,NA,"Myeloma Path"
"Status","Light chain restriction by immunohistochemistry","Kappa, Lambda, Polyclonal, Not specified","Abstract",NA,NA,NA,NA,NA,NA,"1",NA,NA,NA,"Myeloma Path"
"Status","Plasma cells","Yes, No, Not assessed","Abstract",NA,NA,NA,NA,NA,NA,"1",NA,NA,NA,"Myeloma Path"
"Status","Final diagnosis","Text","Abstract",NA,NA,NA,NA,NA,NA,"1",NA,NA,NA,"Myeloma Path"
"Status","Specimen type","Bone marrow, blood, bone, soft tissue mass, other","Abstract",NA,NA,NA,NA,NA,NA,"1",NA,NA,NA,"Myeloma Path"
"Status","Light chain restriction","Kappa, Lambda, Polyclonal, Not specified","Abstract",NA,NA,NA,NA,NA,NA,"1",NA,NA,NA,"Myeloma Path"
"Status","% Abnormal plasma cells","Number","Abstract",NA,NA,NA,NA,NA,NA,"1",NA,NA,NA,"Myeloma Path"
"Status","% Normal plasma cells","Number","Abstract",NA,NA,NA,NA,NA,NA,"1",NA,NA,NA,"Myeloma Path"
"Status","Lymphatic (small vessel) Vascular Involvement","Yes/No/Unknown","Abstract",NA,NA,NA,NA,NA,NA,NA,"1",NA,NA,"Pancreas"
"Status","Vascular (large vessel) Invasion","Yes/No/Unknown","Abstract",NA,NA,NA,NA,NA,NA,NA,"1",NA,NA,"Pancreas"
"Status","Perineural Invasion","Yes/No/Unknown","Abstract",NA,NA,NA,NA,NA,NA,NA,"1",NA,NA,"Pancreas"
"Status","Chronic Pancreatitis","Yes/No/Unknown","Abstract",NA,NA,NA,NA,NA,NA,NA,"1",NA,NA,"Pancreas"
"Status","Pancreatic Intraepithelial Neoplasia (PanIN)","Yes/No/Unknown","Abstract",NA,NA,NA,NA,NA,NA,NA,"1",NA,NA,"Pancreas"
"Status","Tumor Size","Largest dimension of tumor specimen in cm {text box}","Abstract",NA,NA,NA,NA,NA,NA,NA,"1",NA,NA,"Pancreas"
"Status","SMA (retroperitoneal/uncinate) Margin","Close  (within 1 mm), Negative, Positive, Not Applicable, Unknown","Abstract",NA,NA,NA,NA,NA,NA,NA,"1",NA,NA,"Pancreas Margins"
"Status","Posterior Margin","Close  (within 1 mm), Negative, Positive, Not Applicable, Unknown","Abstract",NA,NA,NA,NA,NA,NA,NA,"1",NA,NA,"Pancreas Margins"
"Status","Portal Vein Groove Margin","Close  (within 1 mm), Negative, Positive, Not Applicable, Unknown","Abstract",NA,NA,NA,NA,NA,NA,NA,"1",NA,NA,"Pancreas Margins"
"Status","Pancreatic Neck (transection) Margin","Close  (within 1 mm), Negative, Positive, Not Applicable, Unknown","Abstract",NA,NA,NA,NA,NA,NA,NA,"1",NA,NA,"Pancreas Margins"
"Status","Bile Duct Margin","Close  (within 1 mm), Negative, Positive, Not Applicable, Unknown","Abstract",NA,NA,NA,NA,NA,NA,NA,"1",NA,NA,"Pancreas Margins"
"Status","Enteric Margins","Close  (within 1 mm), Negative, Positive, Not Applicable, Unknown","Abstract",NA,NA,NA,NA,NA,NA,NA,"1",NA,NA,"Pancreas Margins"
"Status","Anterior Surface","Close  (within 1 mm), Negative, Positive, Not Applicable, Unknown","Abstract",NA,NA,NA,NA,NA,NA,NA,"1",NA,NA,"Pancreas Margins"
"Status","Proximal Pancreatic (transection) Margin","Close  (within 1 mm), Negative, Positive, Not Applicable, Unknown","Abstract",NA,NA,NA,NA,NA,NA,NA,"1",NA,NA,"Pancreas Margins"
"Status","Anterior (cephalad) Peripancreatic (peripheral) Surface (optional)","Close  (within 1 mm), Negative, Positive, Not Applicable, Unknown","Abstract",NA,NA,NA,NA,NA,NA,NA,"1",NA,NA,"Pancreas Margins"
"Status","Posterior (caudad) Peripancreatic (peripheral) Margin","Close  (within 1 mm), Negative, Positive, Not Applicable, Unknown","Abstract",NA,NA,NA,NA,NA,NA,NA,"1",NA,NA,"Pancreas Margins"
"Status","Collection Date","Date on which specimens were received","Abstract",NA,NA,"1",NA,NA,NA,NA,NA,NA,NA,"Specimen Accessions"
"Diagnostics","Date","Date of scan","Feed","1","1","1","1","1","1","1","1","1","1",NA
"Diagnostics","Type","U/S, x-ray, CT, MRI, PET","Feed","1","1","1","1","1","1","1","1","1","1",NA
"Diagnostics","Target/Location","Tumor location within pancreas (Head/Uncinate/Neck/Body/Tail)","Abstract","1","1","1",NA,NA,NA,NA,"1","1",NA,NA
"Diagnostics","Disease","Primary cancer type","Abstract","1","1","1",NA,"1","1","1","1","1","1",NA
"Diagnostics","Indiction","Medical indication for diagnostic test","Feed",NA,NA,NA,NA,NA,NA,NA,NA,"1",NA,NA
"Diagnostics","Size","Size of tumor per Radiology Report","Abstract",NA,NA,"1",NA,NA,NA,NA,NA,NA,NA,NA
"Diagnostics","Nodes Positive","(Yes/No/Unknown)","Abstract",NA,NA,"1",NA,NA,NA,NA,NA,NA,NA,NA
"Diagnostics","Nodes Enlarged","(Yes/No/Unknown)","Abstract",NA,NA,"1",NA,NA,NA,NA,NA,NA,NA,NA
"Diagnostics","Node(s) Site","Side/site of nodes (Ipsilateral; Contralateral; Bilateral)","Abstract",NA,NA,"1",NA,NA,NA,NA,NA,NA,NA,NA
"Diagnostics","Distant Disease","(Yes/No/Unknown)","Abstract",NA,NA,"1",NA,NA,NA,NA,NA,NA,NA,NA
"Diagnostics","Enhancement","(Yes/No/Unknown)","Abstract",NA,NA,"1",NA,NA,NA,NA,NA,NA,NA,NA
"Diagnostics","Extracapsular Extension of Lymph Node(s)","(Yes/No/Unknown)","Abstract",NA,NA,"1",NA,NA,NA,NA,NA,NA,NA,NA
"Diagnostics","SUV #","SUV score per Radiology Report (1-3, 3-6, 6-9, >10) *PET scans only","Abstract",NA,NA,"1",NA,NA,NA,NA,NA,NA,NA,NA
"Diagnostics","Result","Overall result of the study","Abstract","1",NA,NA,NA,NA,NA,NA,NA,"1",NA,NA
"Diagnostics","Side","Side of tumor","Abstract",NA,"1",NA,NA,"1",NA,NA,NA,NA,NA,"Other Image Findings"
"Diagnostics","Site","Site of tumor","Abstract",NA,"1",NA,NA,"1",NA,NA,NA,NA,NA,"Other Image Findings"
"Diagnostics","Subsite","Subsite of tumor","Abstract",NA,"1",NA,NA,NA,NA,NA,NA,NA,NA,"Other Image Findings"
"Diagnostics","Status","Status of the image findings (ie ""Stable""  often seen in radiology report, ""Progression"", ""Unknown"" (in cases where it does not describe if new or pre-exisiting), ""Baseline"" (when first time seen on scan), and ""Improved"" (when tumor/abnormality is better from previous test). ""Partial Response"" and ""Complete Response"" can be used instead of Improvement if these exact words are in the radiology report.","Abstract",NA,"1",NA,NA,NA,NA,NA,NA,NA,NA,"Other Image Findings"
"Diagnostics","Result","Result of the image (ie Abnormal Malignant, Abnormal Nonmalignant, etc)","Abstract",NA,"1",NA,NA,NA,NA,NA,NA,NA,NA,"Other Image Findings"
"Diagnostics","Height","Subsite of tumor","Abstract",NA,NA,NA,NA,"1",NA,NA,NA,NA,"1","Other Image Findings"
"Diagnostics","Width","Status of the image findings (ie ""Stable""  often seen in radiology report, ""Progression"", ""Unknown"" (in cases where it does not describe if new or pre-exisiting), ""Baseline"" (when first time seen on scan), and ""Improved"" (when tumor/abnormality is better from previous test). ""Partial Response"" and ""Complete Response"" can be used instead of Improvement if these exact words are in the radiology report.","Abstract",NA,NA,NA,NA,"1",NA,NA,NA,NA,"1","Other Image Findings"
"Diagnostics","Length","Result of the image (ie Abnormal Malignant, Abnormal Nonmalignant, etc)","Abstract",NA,NA,NA,NA,"1",NA,NA,NA,NA,"1","Other Image Findings"
"Diagnostics","Vascular Invasion","Was there vascular invasion (drop downs: Yes/No/Unknown/Not Applicable)","Abstract",NA,NA,NA,NA,"1",NA,NA,NA,NA,NA,"Other Image Findings"
"Diagnostics","Number of Focal Bony Lesions","(MRI Bone Marrow only) Total number of focal bony lesions (drop downs: Numeric {type # with 1 decimal point}, Multiple but # not specified; None)","Abstract",NA,NA,NA,NA,NA,NA,"1",NA,NA,NA,"Myeloma Imaging Results"
"Diagnostics","Site of Focal Bony Lesions","(MRI Bone Marrow, PET/CT only) Anatomical location of focal bony lesions (text box)","Abstract",NA,NA,NA,NA,NA,NA,"1",NA,NA,NA,"Myeloma Imaging Results"
"Diagnostics","Max Size of Focal Bony Lesions","(MRI Bone Marrow, PET/CT only) Maximum size of focal bony lesions (cm) (drop downs: Numeric {type # with 1 decimal point}, Not specified, No lesions)","Abstract",NA,NA,NA,NA,NA,NA,"1",NA,NA,NA,"Myeloma Imaging Results"
"Diagnostics","Max SUV of Focal Bony Lesions","(PET/CT only) Maximum SUV of focal bony lesions (drop downs: Numeric {type # with 1 decimal point}, Not specified, No lesions)","Abstract",NA,NA,NA,NA,NA,NA,"1",NA,NA,NA,"Myeloma Imaging Results"
"Diagnostics","Max Size of Enlarged Lymph Nodes","(PET/CT only) Maximum size of enlarged lymph nodes (drop downs: Numeric {type # with 1 decimal point}, Not specified, No enlarged lymph nodes)","Abstract",NA,NA,NA,NA,NA,NA,"1",NA,NA,NA,"Myeloma Imaging Results"
"Diagnostics","Max SUV of Enlarged Lymph Nodes","(PET/CT only) Maximum SUV of enlarged lymph nodes (drop downs: Numeric {type # with 1 decimal point}, Not specified, No abnormal lymph nodes)","Abstract",NA,NA,NA,NA,NA,NA,"1",NA,NA,NA,"Myeloma Imaging Results"
"Diagnostics","Site of Mass Lesions","(PET/CT only) Anatomical location of mass lesions (text box)","Abstract",NA,NA,NA,NA,NA,NA,"1",NA,NA,NA,"Myeloma Imaging Results"
"Diagnostics","Max Size of Mass Lesions","(PET/CT only) Maximum size of mass lesions (drop downs: Numeric {type # with 1 decimal point}, Not specified, No lesions)","Abstract",NA,NA,NA,NA,NA,NA,"1",NA,NA,NA,"Myeloma Imaging Results"
"Diagnostics","Max SUV of Mass Lesions","(PET/CT only) Maximum SUV of mass lesions (drop downs: Numeric {type # with 1 decimal point}, Not specified, No lesions)","Abstract",NA,NA,NA,NA,NA,NA,"1",NA,NA,NA,"Myeloma Imaging Results"
"Diagnostics","Number of Lytic Lesions","(Osseus survey only) Total number of lytic lesions (drop downs: Numeric {type #}, Multiple but # not specified; None)","Abstract",NA,NA,NA,NA,NA,NA,"1",NA,NA,NA,"Myeloma Imaging Results"
"Diagnostics","Number of Lucent Lesions","(Osseus survey only) Total number of lucent lesions (drop downs: Numeric {type #}, Multiple but # not specified; None)","Abstract",NA,NA,NA,NA,NA,NA,"1",NA,NA,NA,"Myeloma Imaging Results"
"Diagnostics","Site of Lytic Lesions","(Osseus survey only) Anatomical location of lytic lesions (text box)","Abstract",NA,NA,NA,NA,NA,NA,"1",NA,NA,NA,"Myeloma Imaging Results"
"Diagnostics","Site of Lucent Lesions","(Osseus survey only) Anatomical location of lucent lesions (text box)","Abstract",NA,NA,NA,NA,NA,NA,"1",NA,NA,NA,"Myeloma Imaging Results"
"Diagnostics","Site of Fractures","(Osseus survey only) Anatomical location of fractures (text box)","Abstract",NA,NA,NA,NA,NA,NA,"1",NA,NA,NA,"Myeloma Imaging Results"
"Diagnostics","Tumor Height","Height of tumor","Abstract",NA,NA,NA,NA,NA,NA,NA,"1",NA,NA,"Pancreas Imaging"
"Diagnostics","Tumor Width","Width of tumor","Abstract",NA,NA,NA,NA,NA,NA,NA,"1",NA,NA,"Pancreas Imaging"
"Diagnostics","Tumor Length","Length of tumor","Abstract",NA,NA,NA,NA,NA,NA,NA,"1",NA,NA,"Pancreas Imaging"
"Diagnostics","Peripancreatic Lymph Node","(Enlarged, Non-Enlarged)","Abstract",NA,NA,NA,NA,NA,NA,NA,"1",NA,NA,"Pancreas Imaging"
"Diagnostics","Metastasis","Mets on imaging? (Yes/No/Unknown/Not Applicable)","Abstract",NA,NA,NA,NA,NA,NA,NA,"1",NA,NA,"Pancreas Imaging"
"Diagnostics","Portal Vein","(Uninvolved, Abuts, Partial Encasement, Complete Encasement, Thrombosis)","Abstract",NA,NA,NA,NA,NA,NA,NA,"1",NA,NA,"Pancreas Imaging"
"Diagnostics","Superior Mesenteric Vein","(Uninvolved, Abuts, Partial Encasement, Complete Encasement, Thrombosis)","Abstract",NA,NA,NA,NA,NA,NA,NA,"1",NA,NA,"Pancreas Imaging"
"Diagnostics","Splenic Vein","(Uninvolved, Abuts, Partial Encasement, Complete Encasement, Thrombosis)","Abstract",NA,NA,NA,NA,NA,NA,NA,"1",NA,NA,"Pancreas Imaging"
"Diagnostics","Superior Mesenteric Artery","(Uninvolved, Abuts, Partial Encasement, Complete Encasement)","Abstract",NA,NA,NA,NA,NA,NA,NA,"1",NA,NA,"Pancreas Imaging"
"Diagnostics","Celiac Artery","(Uninvolved, Abuts, Partial Encasement, Complete Encasement)","Abstract",NA,NA,NA,NA,NA,NA,NA,"1",NA,NA,"Pancreas Imaging"
"Diagnostics","Hepatic Artery","(Uninvolved, Abuts, Partial Encasement, Complete Encasement)","Abstract",NA,NA,NA,NA,NA,NA,NA,"1",NA,NA,"Pancreas Imaging"
"Diagnostics","# Findings","Total # of mets within same same side/site (organ)","Abstract",NA,NA,NA,NA,NA,NA,NA,"1",NA,NA,"Location of Mets"
"Diagnostics","Side","Side where mets reported","Abstract",NA,NA,NA,NA,NA,NA,NA,"1",NA,NA,"Location of Mets"
"Diagnostics","Site","Site (organ) where mets reported","Abstract",NA,NA,NA,NA,NA,NA,NA,"1",NA,NA,"Location of Mets"
"Diagnostics","Size of Mets","Size of mets","Abstract",NA,NA,NA,NA,NA,NA,NA,"1",NA,NA,"Location of Mets"
"Medical Tx","During Operation On","Only if MedTx was given during Procedure","Abstract","1","1","1",NA,"1","1",NA,"1",NA,NA,NA
"Medical Tx","Protocol #","Only if pt was involved in a protocol, enter #","Abstract",NA,NA,NA,NA,NA,NA,NA,NA,"1",NA,NA
"Medical Tx","Start Date","Date Medtx initiated","Abstract","1","1","1","1","1","1","1","1","1","1",NA
"Medical Tx","Stop Date","Date Medtx ended (if available)","Abstract","1","1","1","1","1","1","1","1","1",NA,NA
"Medical Tx","Agent(s)","Name of Medtx (ie Gemcitabine, Fluorouracil, Leucovorin, Irinotecan, Oxaliplatin, Nab Paclitaxel, 5-FU)","Abstract","1","1","1","1","1","1","1","1","1","1",NA
"Medical Tx","Type","Specific type of Agent (ie Chemo)","Abstract","1","1","1","1","1","1","1","1","1","1",NA
"Medical Tx","Intent","Select Concurrent when given during RadTx; Neoadjuvant when given before surgery; Adjuvant when given after surgery; Systemic","Abstract",NA,"1","1","1",NA,NA,NA,"1","1",NA,NA
"Medical Tx","Disease","Primary cancer type","Abstract","1","1","1","1","1","1","1","1","1",NA,NA
"Medical Tx","Dose (with Units)","*If Normalized Dose not provided; prescribed daily dose of med","Abstract","1","1","1",NA,NA,NA,NA,"1",NA,NA,NA
"Medical Tx","Total Dose (with Units)","Normalized Dose of the Agent (ie 75mg/m2)","Abstract","1","1","1",NA,NA,NA,NA,"1",NA,NA,NA
"Medical Tx","Regimen Dose (with Units)","Prescribed regimen dosing","Abstract",NA,NA,NA,"1",NA,NA,NA,NA,NA,NA,NA
"Medical Tx","Actual Dose (with Units)","Dose for medical therapy","Abstract",NA,NA,NA,"1",NA,NA,NA,NA,"1",NA,NA
"Medical Tx","Regimen Schedule","How Agent regimen was prescribed (ie 5/28, Daily, q2 weeks)","Abstract",NA,NA,NA,"1",NA,NA,NA,NA,NA,NA,NA
"Medical Tx","Actual Schedule","Schedule for medical therapy","Abstract",NA,NA,NA,"1",NA,NA,NA,NA,"1",NA,NA
"Medical Tx","Route","How Agent was administed (ie orally, IVPB, intrathecal)","Abstract","1","1","1","1",NA,NA,NA,"1",NA,NA,NA
"Medical Tx","Schedule","How Agent was prescribed (ie 5/28, Daily, q2 weeks)","Abstract","1","1","1",NA,NA,NA,NA,"1",NA,NA,NA
"Medical Tx","Total Cycles","Total # of Cycles or Dosages a pt received (if doses, put ""15 doses""; if cycles, just put #)","Abstract","1","1","1","1","1","1","1","1",NA,NA,NA
"Medical Tx","Institution","Where MedTx was administered/prescribed","Abstract","1","1","1","1","1","1",NA,"1",NA,NA,NA
"Medical Tx","Conditioning","Melphalan 200 mg/m2, Melphalan 140 mg/m2, Other (specify)","Abstract",NA,NA,NA,NA,NA,NA,"1",NA,NA,NA,NA
"Medical Tx","Donor","Type of donor (Autologous, Sibling, Haploidentical, Umbilical Cord Blood, Unrelated)","Abstract",NA,NA,NA,NA,NA,NA,"1",NA,NA,NA,NA
"Medical Tx","Transplant Type","Type of transplant (Autologous, Allogenic)","Abstract",NA,NA,NA,NA,NA,NA,"1",NA,NA,NA,NA
"Medical Tx","Stop Reason","Why this therapy was stopped (drop downs available or free text if other reason)","Abstract",NA,NA,NA,NA,NA,NA,NA,NA,"1",NA,NA
"Medical Tx","Start Date","Date this Medtx Agent initiated","Abstract",NA,"1",NA,NA,NA,NA,NA,NA,NA,NA,"Medical Therapy Administrations"
"Medical Tx","Stop Date","Date this Medtx Agent ended (if available)","Abstract",NA,"1",NA,NA,NA,NA,NA,NA,NA,NA,"Medical Therapy Administrations"
"Medical Tx","Agent(s)","Name of MedTx (list individual drugs for FOLFOX)","Abstract",NA,"1",NA,NA,NA,NA,NA,NA,NA,NA,"Medical Therapy Administrations"
"Medical Tx","Type","Specific type of Agent (ie Chemo)","Abstract",NA,"1",NA,NA,NA,NA,NA,NA,NA,NA,"Medical Therapy Administrations"
"Medical Tx","Route","How Agent was administed (ie orally, IVPB, intrathecal)","Abstract",NA,"1",NA,NA,NA,NA,NA,NA,NA,NA,"Medical Therapy Administrations"
"Medical Tx","Notes","Additional info if needed","Abstract",NA,"1",NA,NA,NA,NA,NA,NA,NA,NA,"Medical Therapy Administrations"
"Medical Tx","Actual Dose","*If Normalized Dose not provided; prescribed daily dose of med (120 mg)","Abstract",NA,"1",NA,NA,NA,NA,NA,NA,NA,NA,"Medical Therapy Administrations"
"Medical Tx","Actual Schedule","How Agent was prescribed (ie 5/28, Daily, q2 weeks)","Abstract",NA,"1",NA,NA,NA,NA,NA,NA,NA,NA,"Medical Therapy Administrations"
"Medical Tx","Actual Units","Units (mg, mg/m2, mg/kg)","Abstract",NA,"1",NA,NA,NA,NA,NA,NA,NA,NA,"Medical Therapy Administrations"
"Medical Tx","Regimen Dose","Normalized Dose of the Agent (ie 75mg/m2)","Abstract",NA,"1",NA,NA,NA,NA,NA,NA,NA,NA,"Medical Therapy Administrations"
"Medical Tx","Regimen Schedule","How Agent was prescribed (ie 5/28, Daily, q2 weeks)","Abstract",NA,"1",NA,NA,NA,NA,NA,NA,NA,NA,"Medical Therapy Administrations"
"Medical Tx","Regimen Units","Units (mg, mg/m2, mg/kg)","Abstract",NA,"1",NA,NA,NA,NA,NA,NA,NA,NA,"Medical Therapy Administrations"
"Radiation Tx","Start Date","Date RT initiated","Abstract","1","1","1","1","1","1","1","1","1","1",NA
"Radiation Tx","Stop Date","Date RT ended","Abstract","1","1","1","1","1","1","1","1","1","1",NA
"Radiation Tx","Disease","Pancreas Cancer","Abstract","1","1","1","1","1","1","1","1","1","1",NA
"Radiation Tx","Type","Specific type of RT (Conventional [2D], 3D Conformal, IMRT, Proton, SBRT)","Abstract","1","1","1","1","1",NA,"1","1","1","1",NA
"Radiation Tx","Isotope","Only if 'Type' is High-Dose Brachytherapy","Abstract","1","1","1","1",NA,NA,NA,"1",NA,NA,NA
"Radiation Tx","Site","Specify Disease that is receiving tx","Abstract",NA,NA,"1",NA,NA,NA,NA,NA,NA,NA,NA
"Radiation Tx","Target","Area RT was focused","Abstract","1","1","1","1","1",NA,"1","1","1","1",NA
"Radiation Tx","Intent","Select Concurrent when given with MedTx; Palliative when RT is palliative; Neoadjuvant if pre-surgery; Adjuvant if post-surgery; Definitive if given to cure","Abstract",NA,"1","1","1",NA,NA,NA,"1","1","1",NA
"Radiation Tx","Summary","Summary of therapy","Abstract",NA,NA,NA,NA,NA,NA,NA,NA,"1",NA,NA
"Radiation Tx","Dose/Fraction","Radiation dose per fraction","Abstract",NA,NA,NA,NA,NA,NA,NA,NA,"1",NA,NA
"Radiation Tx","# Fields","Number of fields radiated","Abstract",NA,NA,NA,NA,NA,NA,NA,NA,"1",NA,NA
"Radiation Tx","Schedule","Schedule of therapy","Abstract",NA,NA,NA,NA,NA,NA,NA,NA,"1",NA,NA
"Radiation Tx","Total Dose","Total dose of RT","Abstract","1","1","1","1","1",NA,"1","1",NA,"1",NA
"Radiation Tx","# Fractions","Total # of fractions completed","Abstract","1","1","1","1","1",NA,NA,"1",NA,"1",NA
"Radiation Tx","Physician","Name of Radiation Oncologist","Abstract","1","1","1","1","1",NA,NA,"1",NA,"1",NA
"Radiation Tx","Institution","Where RT was performed","Abstract","1","1","1","1","1",NA,NA,"1",NA,"1",NA
"Radiation Tx","Total Dose Primary","Total dose of RT to primary site","Abstract",NA,NA,"1",NA,NA,NA,NA,NA,NA,NA,NA
"Radiation Tx","Total Dose Neck","Total dose given to the neck","Abstract",NA,NA,"1",NA,NA,NA,NA,NA,NA,NA,NA
"Social Histories","History of Tobacco Use","Did patient ever use tobacco products (Y/N)","Abstract",NA,"1","1",NA,"1",NA,NA,"1",NA,"1",NA
"Social Histories","Tobacco Usage (Yrs)","How many years did they use tobacco product?","Abstract",NA,"1","1","1","1",NA,NA,"1","1","1",NA
"Social Histories","Current Tobacco Use","Are they currently using tobacco products (Y/N)","Abstract",NA,"1","1",NA,"1",NA,NA,"1",NA,"1",NA
"Social Histories","Packs per Day","# packs per day pt smokes/smoked (blank field)","Abstract",NA,"1",NA,NA,"1",NA,NA,NA,NA,NA,NA
"Social Histories","Packs per Year","# packes smoked yearly","Abstract",NA,"1",NA,NA,"1",NA,NA,NA,NA,NA,NA
"Social Histories","History of Alcohol Use","Did the patient ever consume alcohol (Y/N)","Abstract",NA,"1","1",NA,"1",NA,NA,"1",NA,"1",NA
"Social Histories","Alcohol Usage (Yrs)","How many years did they use alcohol?","Abstract",NA,"1","1",NA,"1",NA,NA,"1","1","1",NA
"Social Histories","Current Alcohol Use","Are they currently using alcohol (Y/N)","Abstract",NA,"1","1",NA,"1",NA,NA,"1",NA,"1",NA
"Social Histories","Drinks Per Day","How many drinks do they consume daily?","Abstract",NA,NA,NA,NA,"1",NA,NA,NA,NA,NA,NA
"Social Histories","History of IV Drug Use","Did the patient ever use IV drugs (Y/N)","Abstract",NA,NA,NA,NA,"1",NA,NA,NA,NA,NA,NA
"Social Histories","IV Drug Usage (Yrs)","How many years did they use IV drugs?","Abstract",NA,NA,NA,NA,"1",NA,NA,NA,NA,NA,NA
"Social Histories","Current IV Drug Use","Are they currently using IV drugs (Y/N)","Abstract",NA,NA,NA,NA,"1",NA,NA,NA,NA,NA,NA
"Social Histories","Smoking Status","Status of smoking (Current/Former/Never)","Abstract",NA,NA,NA,"1",NA,NA,NA,NA,NA,NA,NA
"Social Histories","Date Quit Smoking","Date pt quit smoking","Abstract",NA,NA,NA,"1",NA,NA,NA,NA,NA,NA,NA
"Social Histories","# Packs Years","# pack smokes/smoked each year (blank field)","Abstract",NA,NA,NA,"1",NA,NA,NA,NA,"1",NA,NA
"Social Histories","# Packs/day","# packs per day pt smokes/smoked (blank field)","Abstract",NA,NA,NA,"1",NA,NA,NA,NA,"1",NA,NA
"Social Histories","Alcohol Usage (Yrs)","How many years did they use alcohol?","Abstract",NA,NA,NA,"1",NA,NA,NA,NA,NA,NA,NA
"Social Histories","Alcohol Amount","How many drinks/day? (0; 1-2; 3-4; 5 or more)","Abstract",NA,NA,NA,"1",NA,NA,NA,NA,NA,NA,NA
"Social Histories","Smoking Status/Tobacco Usage","Chewing tobacco; cigarettes; cigars; marijuana; never; no; pipe; unknown; yes","Abstract",NA,NA,NA,NA,NA,NA,NA,NA,"1",NA,NA
"Social Histories","Tobacco Year Quit","Year pt quit smoking","Abstract",NA,NA,NA,NA,NA,NA,NA,NA,"1",NA,NA
"Social Histories","# of Children","# of biological children","Abstract",NA,NA,NA,NA,NA,NA,NA,NA,"1",NA,NA
"Social Histories","Carcinogen exposure","asbestos, agent orange, etc","Abstract",NA,NA,NA,NA,NA,NA,NA,NA,"1",NA,NA
"Social Histories","Other","Other risk or exposure such as drug abuse","Abstract",NA,NA,NA,NA,NA,NA,NA,NA,"1",NA,NA
"Social Histories","Occupation","Patient’s occupation.  If patient is retired and the occupation in which he worked is known, specify the occupation.  If occupation is not known and patient is retired, enter “Retired”.","Abstract",NA,NA,NA,NA,NA,NA,NA,NA,"1",NA,NA
"Social Histories","Marital Status","Patient's current marital status.","Abstract",NA,NA,NA,NA,NA,NA,NA,NA,"1",NA,NA
"Social Histories","Vietnam Veteran","Important info for tracking disproportionately affected men (agent orange exposure)","Abstract",NA,NA,NA,NA,NA,NA,NA,NA,"1",NA,NA
"Social Histories","Notes","Free text field for additional details","Abstract",NA,NA,NA,NA,NA,NA,NA,NA,"1",NA,NA
"Comorbidities","Comorbidity","Type of comorbidity, prior condition, etc","Abstract",NA,"1",NA,"1","1",NA,NA,"1","1","1",NA
"Comorbidities","Treatment","Unique to disease group","Abstract",NA,NA,NA,NA,"1",NA,NA,"1",NA,NA,NA
"Comorbidities","Status","Unique to disease group","Abstract",NA,NA,NA,NA,"1",NA,NA,"1",NA,NA,NA
"Comorbidities","System","Unique to disease group","Abstract",NA,NA,NA,NA,NA,NA,NA,NA,"1",NA,NA
"Comorbidities","Grade","Unique to disease group","Abstract",NA,NA,NA,NA,"1",NA,NA,NA,NA,NA,NA
"Comorbidities","Date","Date on which Comorbidity diagnosed","Abstract",NA,NA,NA,"1",NA,NA,NA,NA,"1",NA,NA
"Demographics","MRN","Medical record number","Feed","1","1","1","1",NA,"1","1","1","1","1",NA
"Demographics","First (Given)","Legal name","Feed","1","1","1","1",NA,"1","1","1","1","1",NA
"Demographics","Middle","Legal name","Feed","1","1","1","1",NA,"1","1","1","1","1",NA
"Demographics","Last (Surname)","Legal name","Feed","1","1","1","1",NA,"1","1","1","1","1",NA
"Demographics","Birth Date","Date of birth","Feed","1","1","1","1",NA,"1","1","1","1","1",NA
"Demographics","Race","What race patient associated","Feed","1","1","1","1",NA,"1","1","1","1","1",NA
"Demographics","Ethnicity","What ethnicity patient associated","Feed","1","1","1","1",NA,"1","1","1","1","1",NA
"Demographics","Gender","Male or Female","Feed","1","1","1","1",NA,"1","1","1","1","1",NA
"Demographics","Age","Current age","Autocalculated","1","1","1","1",NA,"1","1","1","1","1",NA
"Demographics","Death Date","Date of death","Abstract/Feed","1","1","1","1",NA,"1","1","1","1","1",NA
"Demographics","Death Type","Select type of death, if known","Abstract","1","1","1","1",NA,"1","1","1","1","1",NA
"Demographics","Death Source","Source used to determine pt is deceased","Abstract/Feed","1","1","1","1",NA,"1","1","1","1","1",NA
"Demographics","Address (line 1)","Current residence","Feed","1","1","1","1",NA,"1","1","1","1","1",NA
"Demographics","Address (line 2)","Current residence","Feed","1","1","1","1",NA,"1","1","1","1","1",NA
"Demographics","City","Current city","Feed","1","1","1","1",NA,"1","1","1","1","1",NA
"Demographics","State","Current state","Feed","1","1","1","1",NA,"1","1","1","1","1",NA
"Demographics","Postal Code","Current zip code","Feed","1","1","1","1",NA,"1","1","1","1","1",NA
"Demographics","Country","Current country","Feed","1","1","1","1",NA,"1","1","1","1","1",NA
"Demographics","Email","Active email address","Feed","1","1","1","1",NA,"1","1","1","1","1",NA
"Demographics","Language","Preferred language","Feed","1","1","1","1",NA,"1","1","1","1","1",NA
"Demographics","Type","Type of #, cell/home/work","Feed","1","1","1","1",NA,"1","1","1","1","1","Phone Numbers"
"Demographics","Number","Phone #","Feed","1","1","1","1",NA,"1","1","1","1","1","Phone Numbers"
"Patient Protocols","Protocol","Protocol #/Name","Feed","1","1","1","1",NA,"1","1","1","1","1",NA
"Patient Protocols","Date","Date of Protocol event","Feed","1","1","1","1",NA,"1","1","1","1","1","Protocol Status"
"Patient Protocols","Status","Status of Protocol (Treatment Start, Off Study, etc)","Feed","1","1","1","1",NA,"1","1","1","1","1","Protocol Status"
"Patient Protocols","Reason","Reason for Status, if relevant","Feed","1","1","1","1",NA,"1","1","1","1","1","Protocol Status"
"Brachytherapy","# Seeds","# seeds placed","Abstract",NA,NA,NA,NA,NA,NA,NA,NA,"1",NA,NA
"Brachytherapy","# Needles","# needles used","Abstract",NA,NA,NA,NA,NA,NA,NA,NA,"1",NA,NA
"Brachytherapy","Physician","Name of the physician who performed the brachytherapy procedure","Abstract",NA,NA,NA,NA,NA,NA,NA,NA,"1",NA,NA
"Brachytherapy","Date","Date the procedure was performed","Abstract",NA,NA,NA,NA,NA,NA,NA,NA,"1",NA,NA
"Brachytherapy","Time","Time of procedure","Abstract",NA,NA,NA,NA,NA,NA,NA,NA,"1",NA,NA
"Brachytherapy","Isotope","Isotope used for brachytherapy.","Abstract",NA,NA,NA,NA,NA,NA,NA,NA,"1",NA,NA
"Brachytherapy","Prescribed Dose","Radiation dose for the bachytherapy implant.","Abstract",NA,NA,NA,NA,NA,NA,NA,NA,"1",NA,NA
"Brachytherapy","Notes","Free text field for additonal details","Abstract",NA,NA,NA,NA,NA,NA,NA,NA,"1",NA,NA
"Family Members","# of","Actual number of affected relatives in the category, ie ""2"" uncles","Abstract",NA,NA,NA,NA,NA,NA,NA,NA,"1",NA,NA
"Family Members","Side of family","Relation – The specific relation of the family member.","Abstract",NA,NA,NA,NA,NA,NA,NA,NA,"1","1",NA
"Family Members","Relation","The side of the family from which the relative is.","Abstract",NA,NA,NA,NA,NA,NA,NA,NA,"1","1",NA
"Family Members","Diagnosis","Family member with history of Pancreatitis, Pancreatic Cancer, or Other Cancer?","Abstract",NA,"1",NA,NA,NA,NA,NA,"1","1",NA,"Family Member Diagnosis"
"Family Members","Diagnosis Age","Family member's age when diagnosed with above disease","Abstract",NA,"1",NA,NA,NA,NA,NA,"1","1",NA,"Family Member Diagnosis"
"Family Members","Note","If Other Cancer, enter type of cancer (breast, lung, etc)","Abstract",NA,"1",NA,NA,NA,NA,NA,"1","1",NA,"Family Member Diagnosis"
"Medications","Start Date","Date Med started","Abstract","1",NA,NA,NA,NA,NA,NA,NA,"1",NA,NA
"Medications","Stop Date","Date Med ended/discontinued","Abstract","1",NA,NA,NA,NA,NA,NA,NA,"1",NA,NA
"Medications","Type","What category is the medication (ie Hormone Replacement)","Abstract","1",NA,NA,NA,NA,NA,NA,NA,"1",NA,NA
"Medications","Medication","Name of Medication (enter only if ""Prolia"")","Abstract","1",NA,NA,NA,NA,NA,NA,NA,"1",NA,NA
"Medications","Dose, Total Dose (with Units)","Dose or Normalized dose prescribed","Abstract","1",NA,NA,NA,NA,NA,NA,NA,"1",NA,NA
"Medications","Route","How was it administered","Abstract","1",NA,NA,NA,NA,NA,NA,NA,"1",NA,NA
"Medications","Schedule","How was it prescribed","Abstract","1",NA,NA,NA,NA,NA,NA,NA,"1",NA,NA
"Lab Tests","Date","Date lab test performed","Feed/Abstract","1","1","1","1",NA,"1","1","1","1","1",NA
"Lab Tests","Time (if applicable)","Time lab test peformed (can be important for Cortisol or other fasting labs)","Feed/Abstract","1","1","1","1",NA,"1","1","1","1","1",NA
"Lab Tests","Accession #","Accession # assigned to specimen","Feed/Abstract","1","1","1","1",NA,"1","1","1","1","1",NA
"Lab Tests","Lab Test","Name of test","Feed/Abstract","1","1","1","1",NA,"1","1","1","1","1",NA
"Lab Tests","Result","Result","Feed/Abstract","1","1","1","1",NA,"1","1","1","1","1",NA
"Lab Tests","Units","Units","Feed/Abstract","1","1","1","1",NA,"1","1","1","1","1",NA
"Lab Tests","Normal Range","Normal range for that test, if provided","Feed/Abstract","1","1","1","1",NA,"1","1","1","1","1",NA
"Lab Tests","Specimen Type","Type of specimen tested","Abstract",NA,NA,NA,NA,NA,NA,NA,NA,"1",NA,"Genetics"
"Lab Tests","Company Performing Test","Name of company which performed testing","Abstract",NA,NA,NA,NA,NA,NA,NA,NA,"1",NA,"Genetics"
"Lab Tests","Gene","Gene tested","Abstract",NA,NA,NA,NA,NA,NA,NA,NA,"1",NA,"Genetics"
"Lab Tests","Mutation","Type of mutation found","Abstract",NA,NA,NA,NA,NA,NA,NA,NA,"1",NA,"Genetics"
"Lab Tests","Result","Result of testing","Abstract",NA,NA,NA,NA,NA,NA,NA,NA,"1",NA,"Genetics"
"Lab Tests","Interpretation","Interpretation of testing (Deleterious, etc)","Abstract",NA,NA,NA,NA,NA,NA,NA,NA,"1",NA,"Genetics"
"Lab Tests","Comments","Additional info can be entered here if needed","Abstract",NA,NA,NA,NA,NA,NA,NA,NA,"1",NA,"Genetics"
"Diseases","Disease","Diseases which the pt is diagnosed (all have GU; also put specific GU location if provided ie Prostate)","Feed/Abstract",NA,NA,NA,NA,NA,NA,NA,NA,"1",NA,NA
"Physicians","Physician","Physician(s) involved in patient’s treatment.  May include primary, treating, referring or consulting physicians.","Feed",NA,NA,NA,NA,NA,NA,NA,NA,"1",NA,NA
"Absent Event","Table","General type of Treatment not given","Abstract","1","1","1","1",NA,NA,NA,NA,NA,NA,NA
"Absent Event","Field","Specific type of Treatment not given","Abstract","1","1","1","1",NA,NA,NA,NA,NA,NA,NA
"Absent Event","FieldValue","Name of Treatment not given","Abstract","1","1","1","1",NA,NA,NA,NA,NA,NA,NA
"Absent Event","Reason","Why Treatment not given","Abstract","1","1","1","1",NA,NA,NA,NA,NA,NA,NA
"Absent Event","Absent Date","Most recent known date that Treatment was not given","Abstract","1","1","1","1",NA,NA,NA,NA,NA,NA,NA
"Actions","Date","Date upon which record completely entered (all groups); Date of update or action taken on this patient's record ***update all records if >1 month from last Action entry; put ""Record Complete"" when deceased patient has been fully entered (Prostate ONLY)","Abstract","1","1","1","1",NA,"1","1","1","1","1",NA
"Actions","Action Item","""Record Complete"" selected for deceased patients when primary cancer history data has been fully entered; Where data was abstracted from (Prostate only!)","Abstract","1","1","1","1",NA,"1","1","1","1","1",NA
